Metric,Value
SMAPE_log,25.057110067068727
MAE,95.18073171331736
RMSE,201.20023167385378
